Age,Gender,Height,Weight,BMI,PhysicalActivityLevel
0.3606557377049181,0,0.5509997754097875,0.5398201750862097,0.40763488789754954,1.0
0.8524590163934428,0,0.6271656964201759,0.5106436335857456,0.3535558182371922,0.0
0.1311475409836066,1,0.18136582802928825,0.5297474713989196,0.612029098172694,0.0
0.8032786885245903,1,0.46993654934614915,0.21939908497530364,0.1941919938220111,1.0
0.4098360655737705,1,0.793303306440591,0.6669076734828054,0.3885373282787917,0.3333333333333333
0.5081967213114754,0,0.6014276548029795,0.5762793877376016,0.41102578144385415,0.0
0.37704918032786894,1,0.6305852573224566,0.49162279472636633,0.3388873709082735,0.6666666666666667
0.278688524590164,1,0.4411292538579361,0.540503096841557,0.46221926729889806,0.0
0.08196721311475413,1,0.5929687812687057,0.5759292427885789,0.4146425774525785,1.0
0.47540983606557385,0,0.5160654435571534,0.5481298140040829,0.43039600344349893,1.0
0.4426229508196722,1,0.6169026329010401,0.2987766149397442,0.2084092036349112,0.3333333333333333
0.3606557377049181,1,0.4658743671029888,0.2997711176726395,0.25901978606096465,0.6666666666666667
0.09836065573770492,0,0.44173799218938914,0.5470898662365768,0.4672099293311781,0.3333333333333333
0.9672131147540984,1,0.6531774590744948,0.5359322187151743,0.3604418705093938,0.6666666666666667
0.5081967213114754,1,0.5127850837677861,0.43458319451705557,0.34539489034380766,0.3333333333333333
0.37704918032786894,1,0.4452229809544095,0.5687059783359443,0.4827499893968644,1.0
0.39344262295081966,1,0.13576900220123989,0.46663258287577664,0.5798629110256405,0.3333333333333333
0.09836065573770492,0,0.41214785826430855,0.6816976089825715,0.5942240074079436,1.0
0.4098360655737705,0,0.18857166016036464,0.5397477535692801,0.6168450747827209,0.3333333333333333
0.7213114754098361,1,0.5960200669896127,0.4103421382495886,0.2946819317208178,0.6666666666666667
0.9344262295081968,1,0.28773238862300765,0.5776366394304413,0.5846051225512386,0.6666666666666667
0.016393442622950838,0,0.18904657782761625,0.4189193778643539,0.4962423051513257,0.3333333333333333
0.0655737704918033,0,0.4889643517373341,0.44724770410457854,0.3653797631659389,0.0
0.5573770491803279,1,0.38174086829788223,0.13123760515921307,0.14833164911037924,0.0
0.9508196721311476,1,0.4372360525790735,0.8413172009926484,0.707631234956012,0.0
0.8688524590163934,0,0.6722955642516837,0.42574993431305536,0.27810711023481305,0.3333333333333333
0.5901639344262296,1,0.9208500201103367,0.3699993750586514,0.170512326826912,0.6666666666666667
0.016393442622950838,0,0.31501896455861633,0.5824856530304221,0.571190265530387,0.6666666666666667
0.3114754098360656,1,0.5489729370484318,0.7596391084689436,0.5716372039882002,0.3333333333333333
0.9836065573770493,1,0.42628359823585527,0.33779376238451914,0.30464560542361974,0.0
0.6721311475409837,1,0.43209616634899284,0.4719685445368255,0.4113104687051795,1.0
0.1639344262295082,1,0.5324915756774771,0.6933783236425246,0.5316147966243524,0.6666666666666667
0.5245901639344263,1,0.6376143426543432,0.41633730012425046,0.28383682670597077,1.0
0.5737704918032788,1,0.7754470334056869,0.6466380974262012,0.38316253527351374,0.6666666666666667
0.032786885245901676,1,0.5550740384992601,0.08392953776789869,0.06913228493456638,0.6666666666666667
0.836065573770492,1,0.5040014401948292,0.24545952378934882,0.2038903420794467,0.6666666666666667
0.8524590163934428,1,0.40109562058200954,0.3184847638867328,0.2988498599007968,0.0
0.9180327868852459,1,0.3988108198288196,0.6248015708160577,0.5553143856509952,1.0
0.5737704918032788,0,0.5919981506930574,0.796407579470847,0.5734276826757785,0.0
0.8032786885245903,0,0.5355107740991141,0.09361474200968772,0.08042763440493786,0.6666666666666667
0.5081967213114754,1,0.23543563760662645,0.2894945707910597,0.3449519333118857,1.0
0.032786885245901676,0,0.4561703863753146,0.3795195366162262,0.32609431566541647,0.3333333333333333
0.5409836065573771,0,0.514258721674488,0.5908448554769652,0.4638122804971839,1.0
0.5245901639344263,0,0.5373362536779038,0.40899023879445734,0.3160707356722745,1.0
0.3114754098360656,1,0.6249434178466813,0.6551723338034963,0.4557505374418409,1.0
0.0,0,0.7339481628096527,0.1991734001700261,0.11067147877288444,0.6666666666666667
0.34426229508196726,0,0.7518075361987511,0.5864626922640364,0.35444423860201413,1.0
0.9016393442622951,1,0.32924997255812594,0.880976146628071,0.8256982392564712,0.3333333333333333
0.8524590163934428,1,0.7176603785026048,0.5596828577554547,0.35049802626069704,0.0
0.42622950819672134,1,0.2912009583647315,0.5296315353014098,0.5385562183822693,0.6666666666666667
0.18032786885245905,1,0.4930224383671149,0.5671567212183826,0.45645524621636957,1.0
0.4918032786885246,0,0.7837686985540464,0.7135825947694499,0.4216453155094625,0.6666666666666667
0.37704918032786894,0,0.7005419201867977,0.7421333438634155,0.47830241279990515,1.0
0.18032786885245905,0,0.5958639987174146,0.5526746110767398,0.3966626286890227,0.6666666666666667
0.9016393442622951,0,0.5042854182943093,0.3124597229158162,0.2552346979085225,1.0
0.9180327868852459,0,0.5271881620497325,0.5483421526875418,0.42519651158976635,1.0
0.5081967213114754,0,0.46006342299326786,0.5522641678726792,0.4617429246174658,1.0
0.7213114754098361,0,0.43578207629135957,0.5604271554823506,0.4811706599808826,0.0
0.5081967213114754,1,0.5328948385826902,0.3604876531423961,0.2814005896509586,0.6666666666666667
0.11475409836065575,0,0.45576961265771265,0.4742641804686261,0.4017963772181543,0.6666666666666667
0.7377049180327869,0,0.5650689098790864,0.6917897011194887,0.5125655977105699,1.0
0.4098360655737705,1,0.4024301721717807,0.5436730932579088,0.48563208472103825,1.0
0.5901639344262296,1,0.4607834802024642,0.5440899726855146,0.4548771609188629,0.6666666666666667
0.42622950819672134,1,0.7205339956766972,0.8353072153648486,0.5295870444202443,1.0
0.9344262295081968,0,0.5682533390806714,0.6039064613307121,0.44660602936306226,1.0
0.9180327868852459,1,0.5727028774143177,0.42427017455693367,0.31355331379743956,0.0
0.7049180327868853,1,0.48547203579281506,0.20268499334819212,0.17641932867089896,0.3333333333333333
0.7377049180327869,0,0.4116258282269083,0.6152618268500627,0.539699720275737,1.0
1.0,1,0.39910792126046335,0.30381205869289757,0.28741113053157685,0.6666666666666667
0.8032786885245903,0,0.6439579572254455,0.5084114234806087,0.34521824988212346,0.0
0.2295081967213115,0,0.44118239108377466,0.6890131541687203,0.5819640249994976,0.6666666666666667
0.4426229508196722,1,0.5085824780136443,0.6874473874708584,0.5406342291070462,0.6666666666666667
0.5409836065573771,1,0.3920077254423475,0.4685790036948864,0.4284246745000565,0.0
0.9344262295081968,1,0.5885586988666631,0.8345260548297686,0.6028655451596953,0.3333333333333333
0.6721311475409837,1,0.4352214353858379,0.5517587545111804,0.47444976010687256,0.6666666666666667
0.29508196721311475,1,0.43016889851646356,0.6297780087157243,0.540638043351529,0.3333333333333333
0.032786885245901676,1,0.41954054394236584,0.49474708353446456,0.4361478463872175,1.0
0.7704918032786886,1,0.6817342229951491,0.26195848739446065,0.16472838321058111,0.0
0.016393442622950838,0,0.621735030800477,0.7695158423260577,0.5376290415790974,1.0
0.9508196721311476,0,0.7730582359935854,0.12347430663315917,0.054528266096025374,1.0
0.016393442622950838,1,0.5158258331152656,0.7165055158792268,0.5586217701581283,0.6666666666666667
0.7540983606557378,0,0.2722015453548745,0.4439729830733105,0.4711697923020812,0.6666666666666667
0.9836065573770493,1,0.5295556033611151,0.3904300425865174,0.3051748552103878,0.0
0.8688524590163934,1,0.5815638205137894,0.3898104391435096,0.2852023339802787,0.0
0.04918032786885246,0,0.4320160783454692,0.5932200450819718,0.5098518551943217,0.6666666666666667
1.0,1,0.3828585107423059,0.08138650472523301,0.10588800892892089,0.0
0.5081967213114754,0,0.6517637886556993,0.4882558104228227,0.3282614018747706,0.3333333333333333
0.4098360655737705,1,0.26987907694743685,0.5529746758619598,0.5736630828248119,1.0
0.11475409836065575,0,0.645962490325021,0.5844174383501433,0.3968659541420664,0.6666666666666667
0.6557377049180328,0,0.4899162430644526,0.44695871412950133,0.36473727781680165,0.0
0.2622950819672132,1,0.2791188270995284,0.4022127754609743,0.42878938006885714,0.6666666666666667
0.1967213114754099,1,0.6646950917745391,0.5620936703787633,0.37356190105153864,1.0
0.39344262295081966,1,0.9083824061952872,0.3650531949439046,0.17076628781549055,0.3333333333333333
0.7704918032786886,0,0.5511149147300767,0.9999999999999998,0.7483982553274711,0.3333333333333333
0.6721311475409837,0,0.44838522196351915,0.6044471983781503,0.5097071833612417,0.0
0.0655737704918033,1,0.440417215472209,0.5467318673594337,0.46761944345951345,1.0
0.9180327868852459,1,0.4767981965716763,0.5284289026512003,0.43442932937352585,0.3333333333333333
1.0,0,0.6251205031536333,0.6419225137879108,0.4463805171915598,0.6666666666666667
0.0,1,0.6929186998373762,0.17999655545003135,0.10713368594558806,0.3333333333333333
0.5245901639344263,0,0.3190883044167281,0.38420911142270636,0.39201204467152406,1.0
0.4098360655737705,1,0.528612099408893,0.6380018845215454,0.49206720831003103,0.0
0.7704918032786886,0,0.6257148569570257,0.5843690039495557,0.4057863078793138,0.3333333333333333
0.5245901639344263,1,0.45457102604488364,0.4458103084325477,0.37965833211507616,0.3333333333333333
0.4098360655737705,0,0.2933849617103803,0.5421243049313127,0.548566638844723,0.6666666666666667
0.6885245901639345,1,0.5132759506844335,0.5120616710636343,0.40425443053692467,0.0
0.5245901639344263,0,0.5786526529996721,0.5581971160731278,0.40840803505305023,0.6666666666666667
0.3278688524590164,1,0.1612238385006317,0.28391596208184194,0.37588557334210715,0.0
0.5573770491803279,1,0.47255353100726705,0.5344960011683162,0.44131174041918864,1.0
0.032786885245901676,0,0.7315053928975321,0.6486117411266556,0.4027903114405813,0.0
1.0,1,0.37978191654943805,0.3785697542413718,0.3584227639934854,1.0
0.8688524590163934,1,0.3569022108451514,0.306524667067046,0.30675670314464243,0.6666666666666667
0.836065573770492,0,0.335965635235159,0.49173619445589173,0.47820612604500246,1.0
0.39344262295081966,0,0.48222676835785316,0.4580927895255415,0.3768218350346729,0.3333333333333333
0.3278688524590164,0,0.3875957946924422,0.6743158932147579,0.603868076049534,0.3333333333333333
0.42622950819672134,1,0.7749465801516897,0.36718040332737983,0.20753190946342379,0.6666666666666667
0.016393442622950838,0,0.8087511472258759,0.29325715217711407,0.15262849455704594,0.6666666666666667
0.14754098360655743,1,0.589233170949993,0.8641720389036354,0.6237951067983571,0.3333333333333333
0.836065573770492,0,0.576207775191341,0.39431201840399693,0.290429806507873,1.0
0.459016393442623,0,0.4893499192750359,0.5047832137737414,0.40989182594873264,1.0
0.032786885245901676,0,0.5126137267856183,0.17337807132363098,0.14623564275463044,0.0
0.9836065573770493,0,0.4277423131159761,0.5761946045630806,0.49839148237761854,0.6666666666666667
0.1639344262295082,0,0.44388258007668746,0.6460290506191948,0.545701836711196,0.6666666666666667
0.4098360655737705,0,0.5228704362987346,0.5923513357315677,0.4605733758512566,1.0
0.21311475409836067,0,0.7500450579316547,0.4049492787774212,0.2389103225411782,1.0
0.1639344262295082,1,0.511195551928779,0.315051983405294,0.2547925554701336,0.0
0.5573770491803279,0,0.8634826528428823,0.4380326348017722,0.22535334621748362,1.0
0.836065573770492,1,0.4289416856373389,0.6881990482650902,0.5889380080330008,0.3333333333333333
0.9180327868852459,1,0.881567984446685,0.5874145896164413,0.3075348156239882,0.6666666666666667
0.47540983606557385,1,0.4136828326718405,0.7880552029453847,0.6809238864901901,0.3333333333333333
0.639344262295082,0,0.22723219608767486,0.27853039410446295,0.33827259818761424,0.6666666666666667
0.7540983606557378,0,0.5964666317104128,0.29612171954638716,0.2127615924297024,1.0
0.5245901639344263,1,0.6321482827058755,0.3551010529690209,0.24309937404227486,0.0
0.0655737704918033,1,0.5573934094455568,0.6402700495502871,0.4787380492119485,1.0
0.37704918032786894,1,0.4450544356275157,0.5959081672624467,0.5047123172061412,0.3333333333333333
0.34426229508196726,1,0.37526799317519766,0.5012233033565126,0.4647672062420226,0.6666666666666667
0.7213114754098361,1,0.5758285599718409,0.6833715165632943,0.5006924549954078,1.0
0.9344262295081968,0,0.564397359501974,0.5700324937087791,0.42365384738331835,0.6666666666666667
0.459016393442623,1,0.4621346416663288,0.46436213845451574,0.39093588689350867,1.0
0.6229508196721312,1,0.7521922084356985,0.5388266537965731,0.3238384207460274,0.0
0.3606557377049181,1,0.6088745062805008,0.6208916809267766,0.4392891781161803,0.6666666666666667
0.1311475409836066,1,0.2577702264504431,0.9990558458877585,0.9999999999999999,0.3333333333333333
0.04918032786885246,0,0.5044603586700971,0.5934020748427546,0.47081064562794817,0.6666666666666667
0.1967213114754099,0,0.4485696488822897,0.6549179347865945,0.5500711318042386,0.0
0.5081967213114754,0,0.4941844382251057,0.3614758218727259,0.2967322798610281,0.3333333333333333
0.0655737704918033,1,0.4133285946199101,0.5791402552329894,0.5089060474921702,0.0
0.4426229508196722,1,0.5626632063834518,0.7400501215263906,0.5492929135480418,1.0
0.8032786885245903,1,0.33114301628340836,0.45770260962529813,0.4509118536709088,0.0
0.21311475409836067,0,0.4224723786666109,0.5937870986915066,0.5157324179575195,0.3333333333333333
0.11475409836065575,1,0.442939461604992,0.17503543153283668,0.16693256900644657,0.0
0.7049180327868853,1,0.3172047769767299,0.3444266037050668,0.3574587120901257,1.0
0.14754098360655743,1,0.4853928962032428,0.5044597419030594,0.4115200444923015,0.6666666666666667
0.08196721311475413,0,0.44397517609941684,0.5944377554590403,0.5041309508522982,0.6666666666666667
0.5737704918032788,1,0.35114666823941487,0.45222838832664863,0.43551352868846493,0.6666666666666667
0.6065573770491803,1,0.5580963337800524,0.38818631155746236,0.29266491754208424,1.0
0.34426229508196726,0,0.7072450217357922,0.5044633947904535,0.3181648395846789,1.0
0.8524590163934428,0,0.14650178168584205,0.7033611534871695,0.8170661327090102,1.0
0.8852459016393442,1,0.5412214207450643,0.47152330982859786,0.36120678640237047,1.0
0.04918032786885246,0,0.5248236376389501,0.47092340966180685,0.36783155404051193,0.6666666666666667
0.0655737704918033,0,0.1429167834973346,0.7949349250363036,0.9153020617012183,0.3333333333333333
0.18032786885245905,1,0.545517783622028,0.731012724915177,0.5523750134889666,0.3333333333333333
0.21311475409836067,0,0.43588924286185105,0.38889602282508867,0.3421919974742045,0.6666666666666667
0.639344262295082,0,0.6913509676228662,0.489125508231995,0.31387707962584355,1.0
0.1639344262295082,0,0.5614567063848797,0.5381384911680631,0.4016043548988918,0.6666666666666667
0.3114754098360656,0,0.5023264829701093,0.23262212398651566,0.19454415186645038,0.3333333333333333
0.11475409836065575,0,0.46382964289719064,0.3778492007922694,0.32161224188672577,1.0
0.24590163934426235,0,0.3999675747976985,0.54459305357933,0.4877590995019869,0.6666666666666667
0.9344262295081968,1,0.6028667339499081,0.49983422246190484,0.35591455987217957,1.0
0.42622950819672134,0,0.3472998803175251,0.5609952850225082,0.5321505531039197,1.0
0.0655737704918033,1,0.33849888397023165,0.7770306539781955,0.7267931718637676,0.3333333333333333
0.9836065573770493,0,0.5358610232003853,0.4403813929029055,0.340172451723904,0.6666666666666667
0.4426229508196722,1,0.20852734641825643,0.5069956821643822,0.5706389287738777,0.0
0.7868852459016394,0,0.3623046816299116,0.5327515357207553,0.49892516202067705,0.0
0.3606557377049181,1,0.40351767911884284,0.2648001339920278,0.25326145407265066,0.3333333333333333
0.6721311475409837,0,0.40505023898416814,0.4149932309383974,0.3773751363231499,0.0
0.1967213114754099,1,0.6886998549558525,0.5195429527224493,0.3352080699642813,0.6666666666666667
0.2622950819672132,0,0.47300644388742086,0.4895930615694532,0.405766250006489,1.0
0.6557377049180328,0,0.6393790283565282,0.6525739607408636,0.4470147835299052,0.6666666666666667
0.5409836065573771,1,0.23279260576836247,0.593761454928168,0.6377085812173431,0.3333333333333333
0.4426229508196722,0,0.6607791781076098,0.513435658874799,0.3419847206041262,1.0
0.0,1,0.3986091065318469,0.7551516693023343,0.6641998140661974,0.3333333333333333
0.9508196721311476,0,0.8490011615818287,0.5578406302338637,0.3011900448891004,0.0
0.24590163934426235,1,0.528648627273101,0.3969811161418449,0.3104613336317761,0.6666666666666667
0.7868852459016394,0,0.41280297747397343,0.4787318683960656,0.42637463567256995,0.0
0.5573770491803279,0,0.5285428385695652,0.6436149478552347,0.4963331652365137,0.0
0.8852459016393442,0,0.7676120809296711,0.5615443909740652,0.33255519365917663,0.3333333333333333
0.47540983606557385,1,0.6404582139067814,0.3008720530653198,0.20282767040312874,0.6666666666666667
0.4098360655737705,1,0.4405518350264628,0.64361499094887,0.545723032210147,0.3333333333333333
0.9344262295081968,0,0.9926623180945415,0.5038546711631593,0.22613801561466237,1.0
0.836065573770492,1,0.5713063013234532,0.4766719461139927,0.3523154298514679,1.0
0.016393442622950838,0,0.5666590562298519,0.6546939769254021,0.48455839862083616,1.0
0.5245901639344263,1,0.5151527238220717,0.5107587105423808,0.4023901377061202,0.0
0.42622950819672134,1,0.3776058461462184,0.47889257566896365,0.44455322198419667,0.0
0.7868852459016394,0,0.3368772242010061,0.4639098636619598,0.4532784049950982,0.3333333333333333
0.5081967213114754,0,0.5344534478552432,0.4075470716024672,0.316125408881058,0.0
0.21311475409836067,1,0.3801289608618763,0.4063762155020681,0.38181612490851424,0.6666666666666667
0.3114754098360656,1,0.7299256515474659,0.7179302999399086,0.4484892738377866,1.0
0.9344262295081968,0,0.33571182611588446,0.6928512256955865,0.6549926068629542,1.0
0.11475409836065575,1,0.6040193118912103,0.2820829802963372,0.20045266861589464,0.0
0.4426229508196722,1,0.4025498024970249,0.49767795399524956,0.4473098037133094,0.0
0.4098360655737705,0,0.4826775746028096,0.7255674205049341,0.5854185270102281,0.0
0.9344262295081968,1,0.3845468549732969,0.5858790085871013,0.5312213930769686,0.3333333333333333
0.5245901639344263,1,0.6331340526902411,0.47365117800525197,0.3253579532954137,0.6666666666666667
0.8524590163934428,0,0.5479222823994103,0.5961319047595919,0.4508634800209338,0.0
0.18032786885245905,1,0.5707607588046884,0.519154324895988,0.3835417191430568,0.3333333333333333
0.47540983606557385,0,0.5833931355966011,0.7106860318659003,0.5164664952174748,0.3333333333333333
0.278688524590164,0,0.5351294704838989,0.2987526303421844,0.2342976546126235,0.3333333333333333
0.9672131147540984,1,0.6155637353162957,0.44826103002193257,0.3143026364552306,1.0
0.6229508196721312,1,0.7252675864951281,0.5287707603229586,0.3273764363951822,1.0
0.18032786885245905,0,0.5599423706175197,0.417733953893994,0.3137146560294152,0.3333333333333333
0.24590163934426235,0,0.5502660615066959,0.5711951293808277,0.4312252238541444,0.6666666666666667
0.5901639344262296,1,0.2647900239410661,0.6901793845470678,0.7049160298814623,0.6666666666666667
0.7049180327868853,1,0.44889485738157164,0.7860709119109446,0.6550096715737598,0.3333333333333333
0.5901639344262296,1,0.2858786355384808,0.34864755030434663,0.376160309907268,0.3333333333333333
0.1311475409836066,0,0.5686580516493134,0.455021201067119,0.33759540846994274,0.0
0.032786885245901676,0,0.38901906878245907,0.4131354684054302,0.3833237432822849,0.0
0.39344262295081966,0,0.28920014087922397,0.30686393792822003,0.3363965084133982,0.6666666666666667
0.1311475409836066,1,0.8666081166214008,0.7493950339115956,0.4083802370191636,1.0
1.0,0,0.3567607643754438,0.522658670996631,0.4933914742605162,1.0
0.6721311475409837,0,0.44390708561354053,0.519768562323998,0.4440782789708917,0.0
0.34426229508196726,1,0.40894994438935095,0.5870457954590735,0.5179403734892826,0.3333333333333333
0.8688524590163934,0,0.15375354753938675,0.8134474525726507,0.9235376431303702,0.3333333333333333
0.3114754098360656,0,0.7575511048465811,0.4375804316972685,0.2573777333483279,0.0
0.4098360655737705,1,0.6135090996583985,0.3648333994362553,0.2561236350456829,0.3333333333333333
0.2295081967213115,1,0.668462952183289,0.5788345681482601,0.38335649757885804,0.0
0.7049180327868853,1,0.6142024148893146,0.3384983703695183,0.2372863615492057,0.0
0.11475409836065575,1,0.34074623696426176,0.4859810031114041,0.47050030680696864,0.0
0.9344262295081968,1,0.6615532659829655,0.15843173499477275,0.09948138037700541,0.3333333333333333
0.7704918032786886,1,0.4945753751711628,0.38786569428175227,0.31699278823866917,0.3333333333333333
0.639344262295082,0,0.457875388730002,0.5568345082647908,0.46652047845184963,0.0
0.3114754098360656,0,0.3878657725034764,0.5230216184776708,0.4763546575432841,1.0
0.032786885245901676,1,0.43192992056231017,0.5445357790992886,0.47034757651006076,0.6666666666666667
0.5573770491803279,1,0.2949886022930701,0.3462786490057069,0.36960312222618263,0.3333333333333333
0.24590163934426235,0,0.6680591701939829,0.43491387109017804,0.28580295102620745,0.0
0.278688524590164,1,0.6875671005256354,0.4032174954743087,0.2577664852000219,1.0
0.9672131147540984,0,0.45344001853908766,0.564708739964187,0.47514216897949935,0.6666666666666667
0.6065573770491803,0,0.43421462591567117,0.30818781479460616,0.27746202772784334,0.3333333333333333
0.5573770491803279,1,0.3177086155798068,0.5078839969526943,0.5029535284046538,1.0
0.016393442622950838,1,0.6636410114322491,0.4911788988770271,0.32569474059333425,0.3333333333333333
0.5901639344262296,0,0.5091788369608752,0.32674695673589177,0.2644442054029238,0.3333333333333333
0.9344262295081968,1,0.5729853838712904,0.40926719441169096,0.30251479629995603,0.6666666666666667
0.6229508196721312,1,0.7110789660479329,0.46124094107963004,0.2882916108558704,0.3333333333333333
0.016393442622950838,1,0.5876273963290859,0.4401087168933577,0.31924255783299227,0.6666666666666667
0.9508196721311476,1,0.5444077532245486,0.5431713885523695,0.4131815900486374,0.3333333333333333
0.24590163934426235,0,0.7218088783950241,0.47205404116581445,0.2916271514433306,0.6666666666666667
0.3606557377049181,1,0.616703750940848,0.5644717670789263,0.3958068141610268,0.3333333333333333
0.3606557377049181,1,0.6433948407319172,0.5088233674155129,0.345728244122511,0.0
0.032786885245901676,0,0.781758762848018,0.49154999473036215,0.2834780758041634,0.0
0.7868852459016394,0,0.19956073516662398,0.7457199240848147,0.812124583535991,1.0
0.8688524590163934,1,0.6060563706329054,0.6079998003862193,0.4314675259008255,0.6666666666666667
0.459016393442623,1,0.3816659257155557,0.5593681428985604,0.510505866716502,0.6666666666666667
0.8852459016393442,0,0.4696201253460828,0.16821006651831277,0.15392027170070263,1.0
0.3278688524590164,1,0.21657045574400424,0.21066766626529276,0.277335894631782,0.0
0.24590163934426235,0,0.619556344296702,0.44007245559426006,0.30702300846852837,1.0
0.09836065573770492,0,0.47930137973551235,0.3499227911951424,0.2934758111266099,0.6666666666666667
0.016393442622950838,0,0.48320731601286315,0.7073305284936202,0.5708639687869003,0.6666666666666667
0.5901639344262296,1,0.6536701520698078,0.5675050484214674,0.3819045835717657,0.0
0.34426229508196726,1,0.6116924223726805,0.5517320304303761,0.3890083617565828,0.6666666666666667
0.7868852459016394,0,0.7543249064586504,0.4230101363765501,0.2491169859733793,0.6666666666666667
0.9344262295081968,1,0.47184483781776354,0.2398332387441216,0.20969047961639273,0.6666666666666667
0.8524590163934428,1,0.45393723862737145,0.6235145661328312,0.521828800512364,0.6666666666666667
0.8852459016393442,0,0.6609900043795323,0.4944564542740865,0.32894778008679515,1.0
0.11475409836065575,1,0.514130830356403,0.40154393260965676,0.3196590585774083,0.3333333333333333
0.016393442622950838,0,0.1702064537220025,0.34104288612651096,0.42911776253206524,0.6666666666666667
0.3606557377049181,1,0.08915402021065866,0.3644072728601437,0.5023666134211514,0.0
0.278688524590164,1,0.49684318972459796,0.6974126845580522,0.5550818326831232,0.3333333333333333
0.5573770491803279,1,0.5767475792843464,0.3240075322818819,0.2391604413288048,0.6666666666666667
0.0,1,0.6455080332934306,0.7308908279399009,0.49817285838369285,0.0
0.9836065573770493,1,0.3182733824363395,0.6692578210642675,0.6464265183021288,1.0
0.6229508196721312,1,0.5032792519377702,0.8696832967001276,0.6836767674175381,1.0
0.5573770491803279,1,0.3380570393891178,0.3908625422822785,0.388607008505389,0.3333333333333333
0.47540983606557385,0,0.5489094603513553,0.8645943395878308,0.6495361824692691,0.0
0.5409836065573771,0,0.44626434921348235,0.6103486542830185,0.5156379256003468,0.6666666666666667
0.5737704918032788,0,0.6406196962145092,0.5241656663302254,0.357469231879443,1.0
0.0,0,0.7132195253803415,0.5219485666369772,0.32744589387195555,0.6666666666666667
0.3114754098360656,1,0.3731133546463563,0.5450524448472458,0.5032669980375161,0.6666666666666667
0.2295081967213115,0,0.4693547392209956,0.6317637698708574,0.5196444438686608,1.0
0.7868852459016394,0,0.34397573387302005,0.38930136269066024,0.38437857507134476,1.0
0.7049180327868853,1,0.4326590329046449,0.5507343896901036,0.4749922440687029,0.3333333333333333
0.4426229508196722,0,0.7035339896132173,0.31527706355538404,0.1943331481484141,1.0
0.4918032786885246,0,0.6039155968495598,0.7672081546371243,0.5457997282105888,1.0
0.39344262295081966,1,0.6434104859921561,0.5984756775230997,0.4077026713456412,0.0
0.1311475409836066,0,0.5029371570492436,0.4173787659868236,0.3363349645264483,0.6666666666666667
0.5901639344262296,0,0.30352581059468875,0.5563267340557951,0.5550337019068453,1.0
0.6721311475409837,0,0.6022752821034376,0.8986069182647072,0.6403558667631143,1.0
0.6229508196721312,0,0.6970349418227308,0.24950627744443904,0.1524449241914382,0.6666666666666667
1.0,1,0.41955750018903704,0.6425285413896491,0.5573918163436512,1.0
0.24590163934426235,0,0.38696653986523843,0.23439983321590258,0.23374982424816312,1.0
0.8032786885245903,0,0.5345093170454005,0.1037627253426821,0.08825363354910029,0.0
1.0,0,0.5793300087263673,0.5615164897866223,0.4105051450890367,0.6666666666666667
0.37704918032786894,1,0.44593434469988313,0.42694629031916537,0.3684665946978859,1.0
0.14754098360655743,1,0.5648387595846476,0.48699583351173387,0.3625832471857273,0.0
0.459016393442623,0,0.19222344683027615,0.3051421276046315,0.3813724964885967,0.0
0.5245901639344263,1,0.5673730467223055,0.19779719449789418,0.14994140232115047,0.6666666666666667
0.1967213114754099,0,0.27421253177572513,0.6912885824533062,0.6987246438670701,1.0
0.5573770491803279,1,0.5673246597943398,0.5816337108136076,0.4307646355516772,0.3333333333333333
0.6557377049180328,0,0.34864701660746444,0.5342450561898762,0.5080936293935171,0.6666666666666667
0.24590163934426235,0,0.8517350642752946,0.7299713704119424,0.402970539779521,0.3333333333333333
0.7377049180327869,0,0.5729569869538969,0.30046804955682854,0.22326637698034066,0.6666666666666667
0.7049180327868853,0,0.3775109238520731,0.2573645384248529,0.2565806421557706,1.0
0.18032786885245905,0,0.642745338247769,0.5610086795831972,0.38208395853407684,1.0
0.11475409836065575,1,0.6367280686442198,0.5586479720910287,0.38302177198701093,0.6666666666666667
0.8196721311475411,0,0.697406781093993,0.33887534139789305,0.21176021247122742,0.0
0.5245901639344263,0,0.4447079962869571,0.6801397477078441,0.5726485254590395,0.0
0.5901639344262296,1,0.6662119821719776,0.42949438638888177,0.2827709986941239,0.0
0.8524590163934428,1,0.46071802931657,0.44690160893260195,0.3777276016189588,0.0
1.0,1,0.49300651381671035,0.588795411485665,0.47322009978724744,0.3333333333333333
0.032786885245901676,1,0.8610362669320275,0.7387808999431369,0.4043910396611212,0.0
0.21311475409836067,0,0.5406225801921352,0.397215499434822,0.30598856854476353,0.6666666666666667
0.7213114754098361,0,0.09629290075275865,0.41578232226892414,0.5533509073625266,0.3333333333333333
0.9344262295081968,1,0.717542224399371,0.5974445615336941,0.37528767816326447,0.3333333333333333
0.7704918032786886,1,0.7120929825691498,0.4602029177930637,0.28725463356236935,0.6666666666666667
0.5737704918032788,0,0.30500439997655926,0.7947017057418786,0.7688859901170899,1.0
0.639344262295082,1,0.41443031770886574,0.5010091120607059,0.4439120950240725,1.0
0.08196721311475413,0,0.7614289246786523,0.2912062868859903,0.16315600429751,0.6666666666666667
0.1967213114754099,1,0.28670428746912213,0.2653901756919847,0.2995778628450707,0.6666666666666667
0.8852459016393442,0,0.4919804625070898,0.6119233762272105,0.4916808457822416,0.6666666666666667
0.5901639344262296,0,0.4968942473640654,0.6520687143127071,0.5200438280379922,0.3333333333333333
0.09836065573770492,1,0.39643683692328313,0.5411628758940337,0.48685149019856344,1.0
0.04918032786885246,1,0.29879682683864717,0.37555236621537674,0.39429820135264804,0.3333333333333333
0.47540983606557385,0,0.3180829112808725,0.4458401789117416,0.44743718389082554,1.0
0.8196721311475411,0,0.4719583721342917,0.7139093724526029,0.5828433705235659,0.6666666666666667
0.9836065573770493,0,0.6372551715471295,0.6497273281505436,0.44604831665716815,0.0
0.0655737704918033,1,0.3995798440477505,0.4103960144719359,0.37608885722992125,1.0
0.5573770491803279,1,0.5372804683152803,0.9455305600873138,0.7176679283615454,1.0
0.016393442622950838,0,0.2698474367770811,0.4981496344040797,0.5227975648688342,1.0
0.4098360655737705,0,0.4703553603066162,0.4793945215737703,0.39898615962370276,0.6666666666666667
0.34426229508196726,1,0.33070398410516866,0.48420230072794607,0.47452053419864837,0.3333333333333333
0.9344262295081968,1,0.2572065591834449,0.5272608308860773,0.5579366280878509,0.6666666666666667
0.7868852459016394,1,0.7220447552431355,0.3277038706423889,0.19726285637289068,0.3333333333333333
0.459016393442623,0,0.3322089307317966,0.46631786230217925,0.45792656594423786,0.0
0.6229508196721312,1,0.6325057876690678,0.5747300054175832,0.39604347032818155,1.0
0.09836065573770492,1,0.4874396455073744,0.3061423047329102,0.2563066441503393,0.0
0.7049180327868853,1,0.4881230289064473,0.29955077920987067,0.25094036256023655,0.3333333333333333
0.9344262295081968,1,0.61159666820692,0.2609427134953017,0.18324173145014375,0.0
0.5901639344262296,1,0.40698090918795415,0.3922921886456016,0.3576659588027674,0.0
0.5737704918032788,0,0.3842611625248211,0.6392572502468197,0.5764481315768518,0.3333333333333333
0.639344262295082,0,0.4394872219668433,0.5724226444010319,0.48885898740989686,0.6666666666666667
0.24590163934426235,0,0.32444256069270505,0.5812480294634257,0.56406960510131,0.6666666666666667
0.5573770491803279,0,0.4881351135816816,0.4674017051208544,0.3814105975846699,0.6666666666666667
0.836065573770492,1,0.6581176270825027,0.44837864102602193,0.29854176382385356,0.0
0.6557377049180328,1,0.9700241487953338,0.41504857226010144,0.18351327690443833,1.0
0.04918032786885246,0,0.38735624514038447,0.39360602080316226,0.3676651991214843,0.3333333333333333
0.2622950819672132,1,0.8373726177591534,0.44421463261303845,0.2367176444449798,0.6666666666666667
0.3278688524590164,0,0.45518850145491996,0.46057148540411025,0.39115027409928205,1.0
0.5737704918032788,1,0.5675358409158711,0.2931226874549378,0.21962636697504925,1.0
0.7213114754098361,0,0.32635342704933823,0.6023223593693037,0.5815126360533135,0.6666666666666667
0.836065573770492,0,0.4066250196205501,0.5158445848909594,0.460253688760098,0.0
0.7049180327868853,1,0.6674522643586744,0.6505907052398479,0.43253041184812335,0.0
0.5081967213114754,1,0.5614908608466243,0.4510256320216765,0.3375766861646923,0.0
0.639344262295082,1,0.6546122004001984,0.7372370610840349,0.4978898119596178,0.0
0.5573770491803279,0,0.3360947005791335,0.35639133161457875,0.35929473069172624,1.0
0.3278688524590164,0,0.5973494098090977,0.46467115328393677,0.333052923468641,1.0
0.5245901639344263,0,0.5989233418836548,0.3400778893628758,0.24341074523352416,0.0
0.39344262295081966,1,0.8282546456515192,0.16223427160000842,0.06847021419937674,0.0
0.24590163934426235,1,0.5386710950153137,0.3915207268091781,0.30248421595210284,0.6666666666666667
0.24590163934426235,0,0.5562285850385718,0.5652149870472336,0.42396525055275947,1.0
0.8524590163934428,1,0.6724924360752147,0.24893464445636,0.1583638487423936,1.0
0.7704918032786886,0,0.35681278947267536,0.16363092378201932,0.18344716741140718,0.0
0.1967213114754099,0,0.3763243825074176,0.6104889737320005,0.5570253007452681,1.0
0.37704918032786894,0,0.3044567780412777,0.4105819229304916,0.42306229664534867,0.6666666666666667
0.29508196721311475,0,0.41438495343067716,0.5615069789421647,0.49377884165514785,0.3333333333333333
0.9180327868852459,1,0.3992725753124322,0.17796061929100848,0.18239353691211094,1.0
0.2622950819672132,0,0.4357811762957011,0.45599529015532464,0.39658595182876977,0.3333333333333333
0.7704918032786886,1,0.6965351934283293,0.3519131293053364,0.22069097195523937,0.3333333333333333
0.1311475409836066,0,0.44711615820243056,0.649393825302031,0.5464985835141538,0.3333333333333333
0.2622950819672132,0,0.6310143719104881,0.5989079259074956,0.4135668237147627,0.6666666666666667
1.0,0,0.6766667961937949,0.48856601784045856,0.3189816824481325,0.3333333333333333
0.5901639344262296,0,0.622013398662256,0.479474267876887,0.3337752105864338,1.0
0.8852459016393442,1,0.6620834121623522,0.4084200696394709,0.2698518090907911,1.0
0.1967213114754099,0,0.7191624207550826,0.7641415258955073,0.48372408579322945,0.3333333333333333
0.14754098360655743,0,0.6389293794359134,0.6542897595780011,0.4484186283982039,1.0
0.08196721311475413,1,0.4647500359566812,0.6162016666979984,0.5099275202740702,1.0
0.016393442622950838,0,0.8176323685878266,0.5017315699212035,0.27781415543077637,0.3333333333333333
0.836065573770492,0,0.2823663150733924,0.530701168741613,0.5450638267350333,0.6666666666666667
0.0,1,0.681704995082697,0.702724477424866,0.46107849872975815,1.0
0.8196721311475411,1,0.8968033650534255,0.17845072278632185,0.0656452274688705,0.0
0.459016393442623,0,0.6340092234365491,0.4762515678955646,0.32682985805464937,0.6666666666666667
0.2622950819672132,1,0.4796871699539462,0.3279520383592713,0.27613617032950655,0.0
0.8196721311475411,1,0.44696773729643313,0.29127978356369494,0.25908761653708856,0.3333333333333333
0.37704918032786894,1,0.13155262964122638,0.6041990135694573,0.7269524332597481,0.0
0.3606557377049181,0,0.6640647109725939,0.47068848749819375,0.31157879024312596,0.0
0.6229508196721312,1,0.3067281839153817,0.4828390213466453,0.48689189458833493,0.6666666666666667
0.836065573770492,1,0.47246704270365125,0.843032130995669,0.6841359122436527,0.3333333333333333
0.08196721311475413,1,0.6385873068458654,0.8689653730705478,0.5975227824898188,0.3333333333333333
0.2295081967213115,0,0.5124968028186152,0.5205983408645376,0.4111290062946489,0.6666666666666667
0.9672131147540984,1,0.4153564653874362,0.41527844679401466,0.37285750503884985,0.0
0.9508196721311476,0,0.408495602369078,0.497473888136631,0.4440559867221473,0.6666666666666667
0.37704918032786894,1,0.3488900681583593,0.45355416663951215,0.43784499734263516,0.3333333333333333
0.8032786885245903,1,0.4828210899648262,0.5392435065872239,0.43989650207995834,0.0
0.0,1,0.298189534465382,0.40970252132950785,0.4255484015514954,1.0
0.14754098360655743,1,0.4814759625722913,0.7152576288301629,0.5780987904345518,0.6666666666666667
0.278688524590164,1,0.5607324514042422,0.19060381158711476,0.14641258747895777,0.3333333333333333
0.5409836065573771,1,0.5959604479566556,0.5973831264241067,0.4286327592149466,0.6666666666666667
1.0,0,0.5054502514076269,0.5865270634275388,0.4650249371021212,0.3333333333333333
0.5245901639344263,0,0.597501915850517,0.48195426500308797,0.34535345867194256,0.3333333333333333
0.8032786885245903,0,0.3600049706583506,0.4687168246444177,0.44511035868138726,1.0
0.09836065573770492,0,0.6982745404652246,0.5468295430625001,0.3496580897767394,0.0
0.37704918032786894,0,0.602344849605307,0.43079730600266913,0.3069320798363686,0.0
0.836065573770492,1,0.7867318374370793,0.5193749183920928,0.299168128148544,1.0
0.459016393442623,0,0.44994627767455153,0.5216628710838718,0.4425287604322423,0.3333333333333333
0.4426229508196722,0,0.6392444385184222,0.2676584594966777,0.1801545696703066,0.3333333333333333
0.9672131147540984,1,0.8294728305354506,0.44932873831432724,0.24218817137439705,0.0
0.9672131147540984,1,0.7322050209604072,0.6941213540456019,0.4320011319385443,1.0
0.7213114754098361,1,0.7285729294180188,0.7756270820433442,0.48662294871313394,0.3333333333333333
0.42622950819672134,0,0.6601989964298798,0.3451453182354524,0.22728628944750226,0.6666666666666667
0.5245901639344263,0,0.3439763626458787,0.41431877601108297,0.4062023561607304,1.0
0.11475409836065575,0,0.4320515192732093,0.22972657942415647,0.21454484237444046,0.3333333333333333
0.7704918032786886,0,0.4945724736863557,0.6768232854153744,0.5404875453724465,0.3333333333333333
0.39344262295081966,0,0.4320769086264753,0.39405830671487657,0.34803005921925034,1.0
0.5573770491803279,0,0.7683687392899166,0.29531110319705195,0.16398519896126126,1.0
0.2622950819672132,0,0.14086210073482874,0.6575849330761863,0.7746728636833814,0.3333333333333333
0.8852459016393442,1,0.6760054060329672,0.7043118991750423,0.464883626244435,0.6666666666666667
0.4098360655737705,1,0.37538403967208334,0.357549897824798,0.3425504463412915,0.0
0.1311475409836066,1,0.6089414164266862,0.589930244160741,0.41730097172079195,0.6666666666666667
0.1639344262295082,1,0.6748925658284044,0.6431761512691314,0.4241132490907289,0.0
0.11475409836065575,1,0.4130757244559775,0.6320607405491203,0.5526958279486759,0.0
0.5081967213114754,1,0.8722626618091835,0.397575160461161,0.19902225290984518,0.3333333333333333
0.39344262295081966,1,0.5628146547602184,0.5071318591353193,0.3782256717541683,1.0
0.7213114754098361,0,0.5468635448668016,0.517683568710481,0.3930995076449293,0.0
0.1639344262295082,0,0.16604290137821653,0.4567597154796957,0.5489889667486422,0.0
0.1967213114754099,0,0.4447000697089303,0.7139118820078854,0.5998147136107753,0.6666666666666667
0.29508196721311475,1,0.5866772880521642,0.8214446063193466,0.594565136007006,1.0
0.836065573770492,1,0.7608514683106593,0.5395360305969812,0.32110456716047575,0.6666666666666667
0.4426229508196722,1,0.4415655548159263,0.591145792188061,0.5028211588643463,0.6666666666666667
0.29508196721311475,0,0.8302305345223924,0.7086308708634437,0.39898045344000965,0.6666666666666667
0.3114754098360656,0,0.6847375447682125,0.6280436127651201,0.40953036465199844,1.0
0.4098360655737705,1,0.563500059657899,0.4961686296285351,0.3698825193583505,0.6666666666666667
0.9344262295081968,1,0.42722292301315967,0.36438309970013244,0.3259512985403117,0.6666666666666667
0.4426229508196722,1,0.4633242156712343,0.39423607917620457,0.3348065000633793,0.6666666666666667
0.8688524590163934,0,0.6509904882359772,0.526508057401893,0.3548593554189018,1.0
0.9016393442622951,1,0.4412929921549651,0.6320551539484507,0.5359632032720189,0.3333333333333333
0.9672131147540984,1,0.6120712262949288,0.41587169377185745,0.29272043371337286,0.0
0.3114754098360656,1,0.5063364958500065,0.44512324775922657,0.3561924644544374,0.6666666666666667
0.8852459016393442,1,0.5374171162354751,0.30533894045919413,0.238468852258413,0.0
0.8524590163934428,0,0.640514312264489,0.3336466599451659,0.22551783506276837,0.6666666666666667
0.24590163934426235,0,0.43990662470560116,0.4084765436505628,0.35627464196347114,0.0
0.6721311475409837,0,0.4137742023574251,0.24777961051886682,0.2355161257581007,0.3333333333333333
0.7213114754098361,0,0.4112202397766582,0.14371566974394157,0.1504538633525638,0.0
0.04918032786885246,0,0.5336542910812736,0.5457247422636635,0.4201468330720035,1.0
0.7540983606557378,1,0.5655231999679411,0.6405744466563621,0.47480178148469177,1.0
0.9672131147540984,1,0.5135561833306856,0.2216981627874806,0.18281323348630882,0.3333333333333333
0.639344262295082,0,0.3004875711154704,0.5486240258718253,0.549992308170698,1.0
0.39344262295081966,1,0.6341582281402975,0.5052856879487946,0.3469815530037632,0.0
0.9672131147540984,1,0.6912456023854396,0.54078189961367,0.3484081575578235,0.0
0.6229508196721312,0,0.6184340191237467,0.5302704777782017,0.3709600965152713,1.0
0.1311475409836066,1,0.4584724519872245,0.5213468433787412,0.43797470780424486,0.0
0.29508196721311475,1,0.6619412438142089,0.22057910569505107,0.14178414224945976,1.0
0.8688524590163934,1,0.7142098636406269,0.6894923309721328,0.43711655708603603,0.3333333333333333
0.6721311475409837,0,0.7038002280449969,0.5585873375626098,0.3552613559047427,1.0
0.6229508196721312,0,0.5306025372597389,0.3390767737449753,0.26613823783262314,0.3333333333333333
0.0,1,0.5039694939853288,0.5859291474845512,0.46532713416890115,0.6666666666666667
0.9508196721311476,0,0.46366473056200963,0.7482106117917593,0.6151266254392771,0.3333333333333333
0.4098360655737705,0,0.5184089857346983,0.6875083822543655,0.5350975501793634,0.6666666666666667
0.8524590163934428,0,0.5435916071476434,0.6988997158757959,0.5295587878627456,1.0
0.6065573770491803,1,0.6341316556221348,0.651445119062761,0.4487298340097564,0.3333333333333333
1.0,0,0.5927206452028053,0.5706874939929885,0.4109941610020881,1.0
1.0,1,0.46371382745599554,0.036694134012139334,0.05136418329205575,0.6666666666666667
0.5737704918032788,0,0.4301956847004247,0.5374889330989798,0.46553973850426444,0.0
1.0,0,0.5960196500392443,0.4018105329177463,0.28857338554854617,0.6666666666666667
0.5901639344262296,1,0.6580986616675295,0.41476942374540077,0.27556131943139284,1.0
0.8852459016393442,0,0.5234304072746601,0.24587471053621818,0.19820630982031892,0.6666666666666667
0.8524590163934428,1,0.5055313206919854,0.6706702103941931,0.5295140212732827,0.0
0.14754098360655743,0,0.6986032297467113,0.2940417796186093,0.18162788959705647,0.6666666666666667
0.278688524590164,0,0.4434765498768436,0.7709261019361224,0.6464875641293921,0.0
0.39344262295081966,1,0.337346830896768,0.377149565806093,0.3769242081000779,0.0
0.1311475409836066,1,0.6484204383438708,0.4616741706241198,0.3112453739049401,0.3333333333333333
1.0,1,0.9035955106956641,0.5347976720939522,0.2697598942875893,0.0
0.9672131147540984,1,0.5173212554795041,0.6360193009358925,0.49658175918783043,1.0
0.5737704918032788,0,0.45730667821751814,0.6089338780833731,0.5083053062060173,0.6666666666666667
0.9508196721311476,0,0.46456667198153,0.5349093161059546,0.44566524890392656,1.0
0.7868852459016394,1,0.5163591598131307,0.3381198713256766,0.2705319325171117,1.0
0.6721311475409837,0,0.5051352063035921,0.4184393157124044,0.3362381752037388,1.0
0.5081967213114754,0,0.5280625531463445,0.27840782937214587,0.22131653594170161,0.0
0.9344262295081968,1,0.6635002959659562,0.5376792373227455,0.35742802693260944,0.6666666666666667
1.0,1,1.0,0.08939179231246464,0.0,0.0
0.8852459016393442,1,0.7667576098711222,0.5275291659602905,0.31134903601531105,0.0
1.0,0,0.6834978378368581,0.22466989199780923,0.13922558514874242,0.6666666666666667
0.9180327868852459,0,0.6539640903684769,0.5888904880436037,0.3964506082426619,1.0
0.08196721311475413,1,0.35114944953720695,0.3332336913138129,0.33231693483749636,0.3333333333333333
0.032786885245901676,1,0.5770670091967798,0.3807071027227789,0.28023262499327617,1.0
0.29508196721311475,0,0.8795805289724212,0.9175396030234346,0.5015237758905248,0.3333333333333333
0.24590163934426235,1,0.6528337844482501,0.49061711085275334,0.3294696108780798,1.0
0.37704918032786894,0,0.41933984784319067,0.45322709649269916,0.402177379002455,0.0
0.8688524590163934,1,0.5547238102009477,0.08058225630906513,0.06673148771309942,1.0
0.6885245901639345,1,0.5026290359907271,0.36394993246303836,0.2953953490285086,0.6666666666666667
0.1311475409836066,1,0.3697160489336686,0.7366768787603613,0.6688923194419013,0.6666666666666667
0.21311475409836067,1,0.4567569134890621,0.4118471830506744,0.3516048852535728,1.0
0.9672131147540984,0,0.38746852444020785,0.13811832204251046,0.1525115897897962,0.0
0.7049180327868853,1,0.4358021206720868,0.650838712602017,0.5543879697279104,1.0
0.4426229508196722,1,0.6667033184251152,0.11655131229919408,0.06989498930074331,0.0
0.9672131147540984,1,0.758872304631705,0.587982502955309,0.352658683477193,1.0
0.24590163934426235,0,0.6421695347590779,0.3590136349510849,0.24255446299159308,0.0
0.04918032786885246,1,0.44980786392907257,0.35606087149663673,0.3099493993448058,0.3333333333333333
0.5737704918032788,1,0.46305940029331216,0.3105995554450301,0.2686188687844282,1.0
0.7049180327868853,1,0.577039505079755,0.5907021741224483,0.4327530294353904,0.6666666666666667
0.2295081967213115,1,0.5085506797756554,0.5019067065812461,0.39868948277859584,0.0
0.9016393442622951,1,0.5851978045446087,0.3236369348655415,0.23611613455263156,1.0
0.9344262295081968,1,0.37656158103475246,0.6288192187345405,0.5724491768644545,0.0
0.016393442622950838,1,0.4381269604905995,0.36957975123793624,0.32561394659971443,0.6666666666666667
0.639344262295082,1,0.44325917166374795,0.7754518736120479,0.6502772119812644,0.3333333333333333
0.42622950819672134,0,0.43763362453337695,0.46225061754276914,0.40076874127287787,0.0
0.836065573770492,1,0.48234365714478633,0.6110950770445869,0.49623888414009953,0.3333333333333333
0.9344262295081968,0,0.3292703256254761,0.4965787944737345,0.48625093845803435,0.3333333333333333
0.11475409836065575,0,0.28250821793881586,0.34332240905515016,0.3729129813423454,0.6666666666666667
0.24590163934426235,1,0.616357744075533,0.34902417619848397,0.24401191852948875,0.0
0.37704918032786894,1,0.43791624443371324,0.3266354499256942,0.2909776737382276,0.3333333333333333
0.8524590163934428,1,0.5774335956495591,0.3522781331787766,0.2594596789945488,0.3333333333333333
0.34426229508196726,0,0.6497139408113153,0.28566077164119347,0.18963604628688377,1.0
0.0,0,0.5869603956787435,0.43726224981724743,0.3174500241339703,1.0
0.9344262295081968,0,0.7612130663624002,0.6864611914324257,0.41431193071860606,1.0
0.5081967213114754,1,0.5585643850819073,0.42106004279828363,0.31670012983085083,0.6666666666666667
0.37704918032786894,1,0.3312958883204118,0.5034978954436178,0.4911997521372662,0.0
0.9016393442622951,1,0.44460725859703754,0.47589113067896266,0.4084304517213815,0.3333333333333333
0.09836065573770492,1,0.6061228850975504,0.579450541761805,0.4111480261773117,0.3333333333333333
0.3606557377049181,0,0.8391089566222671,0.47345350162743766,0.25379728143835334,0.6666666666666667
0.6229508196721312,1,0.5736183327514683,0.4945660474338493,0.36438392308895473,1.0
0.3114754098360656,1,0.7334921970574708,0.5054168775770518,0.30917168325981015,0.3333333333333333
0.37704918032786894,1,0.6722993494494163,0.5639204896633445,0.37163770705502874,0.6666666666666667
0.09836065573770492,0,0.663343011373462,0.32144180973548214,0.2101582595239969,0.6666666666666667
0.5245901639344263,1,0.7381786525825018,0.2544124651224144,0.14540828678002995,0.6666666666666667
0.5737704918032788,0,0.3445059791229088,0.4949434838099918,0.4762407081943223,0.0
0.3278688524590164,1,0.44353437838445675,0.2693784252090408,0.24270544910545447,0.3333333333333333
0.7704918032786886,0,0.6288162285556518,0.621117074736377,0.43008147979768363,0.6666666666666667
0.9344262295081968,1,0.3467072769208408,0.27039838624895723,0.2795729712802705,0.6666666666666667
0.11475409836065575,0,0.35664649955605565,0.5118849061205952,0.4841551654339411,0.0
0.5081967213114754,1,0.5031230932084028,0.9776079696211488,0.766706754623067,0.3333333333333333
0.6065573770491803,0,0.3946491514133408,0.38248103129631755,0.355016976853195,1.0
0.7540983606557378,1,0.48499833805730885,0.5467394734656839,0.4446532450180456,0.0
0.639344262295082,0,0.603255360812117,0.4935343634240376,0.35126726201608716,0.0
0.0655737704918033,0,0.5477224667299669,0.43409437321406,0.33064521078975817,0.6666666666666667
0.4426229508196722,1,0.3179208421940731,0.2749966326053082,0.2952377179061989,0.6666666666666667
0.016393442622950838,1,0.11349622740361731,0.6218167489212367,0.761009595226248,0.3333333333333333
0.4426229508196722,0,0.6501168827724335,0.47426918133590185,0.31927587828324755,0.3333333333333333
0.7377049180327869,1,0.6155399985787251,0.44518057320611176,0.3121378282565904,0.3333333333333333
0.8688524590163934,0,0.4522853967691489,0.4913959703354715,0.41714714777738127,0.3333333333333333
0.6557377049180328,0,0.5463444190952442,0.22930314288713544,0.17897924062640128,0.6666666666666667
0.21311475409836067,0,0.8946273852001885,0.5427829835134839,0.27722221500613553,0.0
0.5737704918032788,1,0.7805943237495594,0.4765367429475727,0.2744621576140662,1.0
0.5245901639344263,1,0.5447682873853403,0.45561054929995565,0.347850975531547,0.6666666666666667
0.4426229508196722,0,0.46418718699608963,0.4160132096794566,0.35169177803626017,1.0
0.9836065573770493,0,0.5709525618030376,0.4254071294651534,0.3150602932198219,1.0
0.2622950819672132,1,0.5850520066628939,0.33347118602043574,0.24326317777472098,1.0
0.9836065573770493,1,0.24650840181487377,0.5560141985734608,0.5921363423187442,1.0
0.6229508196721312,0,0.4697500260843839,0.5350746348385371,0.44317699961918666,1.0
0.2622950819672132,1,0.6681492202693491,0.6462369803629462,0.4292539872482144,0.3333333333333333
0.5573770491803279,0,0.49216824139863746,0.459129031574302,0.37318091159254985,1.0
0.4918032786885246,1,0.5487081364858288,0.50081785079396,0.3797547306417475,1.0
0.2622950819672132,0,0.6545941309030874,0.5314906099244732,0.3568164472596159,1.0
0.7868852459016394,0,0.8808137139533074,0.40962363730190837,0.20377250971918312,0.3333333333333333
0.29508196721311475,1,0.2730132954667752,0.4201374322777876,0.448643754434636,1.0
0.5245901639344263,1,0.6397382786435428,0.18248613557534715,0.12097435837930523,0.0
0.2295081967213115,0,0.4835431303122264,0.39303162687241694,0.3254758383149404,0.6666666666666667
0.37704918032786894,0,0.4111130438480286,0.5366261234564318,0.4750469342582978,1.0
0.4918032786885246,0,0.5645110684613117,0.11120187066182513,0.08721151228611432,0.6666666666666667
0.1967213114754099,0,0.5197664748035593,0.5622377222140433,0.4393065956218971,1.0
0.6721311475409837,0,0.6887314233815673,0.640531790593724,0.4161292092971093,0.0
0.7868852459016394,1,0.5341688511243934,0.4205613146849165,0.3260013520880328,0.0
0.7049180327868853,0,0.7059948381850725,0.6288444211941948,0.4008055279968018,0.3333333333333333
0.04918032786885246,1,0.4800140532164985,0.5123058760381731,0.4202264142550609,0.0
0.9344262295081968,1,0.39058587997345917,0.6894506466126222,0.6146367816601804,0.6666666666666667
0.4426229508196722,1,0.5091888921957275,0.45518623991009993,0.36266511277727587,0.6666666666666667
0.4098360655737705,0,0.6865146370386088,0.4422442691654061,0.28426246822769574,0.6666666666666667
0.9180327868852459,1,0.5232493330049683,0.3371145140411715,0.2672872267339197,0.0
0.6885245901639345,0,0.5412652769135002,0.8047764490351486,0.6098558377929727,1.0
0.47540983606557385,1,0.5511145998440918,0.3598456219968897,0.2742898891935004,0.3333333333333333
0.5409836065573771,1,0.46698069329102676,0.6010268452768996,0.49669423621507625,0.3333333333333333
0.7704918032786886,1,0.569298462601731,0.5480937042378098,0.4053254245088477,1.0
0.7213114754098361,1,0.7841245878906751,0.3670832686868187,0.20486650645668839,0.0
0.37704918032786894,1,0.7306345899940037,0.2721558492101684,0.15878132599927422,0.0
0.29508196721311475,0,0.5963449199386415,0.5973549874334065,0.4284322657876424,1.0
0.5737704918032788,0,0.4695410429721436,0.5685326069839363,0.46967004601972684,0.3333333333333333
1.0,0,0.7654200864522411,0.5819324782153503,0.34628910396838164,1.0
0.34426229508196726,0,0.6058257609397177,0.4743164653351403,0.3365539904317614,0.3333333333333333
0.6721311475409837,1,0.8585773839567734,0.149096008201136,0.05515978795602103,0.0
0.04918032786885246,1,0.301274808571907,0.3016701952097452,0.32628441965243615,0.3333333333333333
0.8688524590163934,0,0.7068761231292404,0.5212228315043181,0.3293674976023778,0.3333333333333333
0.7049180327868853,1,0.31348079141411134,0.5037997019033433,0.5017809637286181,0.0
0.459016393442623,0,0.35482905883851235,0.1401783628193885,0.16379404096209907,0.0
0.0655737704918033,0,0.49636036881465806,0.6313776088952212,0.5043605143668226,0.6666666666666667
0.14754098360655743,1,0.8705248468551559,0.3122429361898254,0.14921807253641092,0.3333333333333333
0.09836065573770492,1,0.2901200347071109,0.18768314300349742,0.22724302440469044,0.6666666666666667
0.9180327868852459,1,0.662861842731191,0.5146197229954259,0.3419700910899439,0.0
0.29508196721311475,1,0.448703567924857,0.38298063897044315,0.3319761808868622,0.6666666666666667
0.9508196721311476,0,0.4729713099583268,0.6214609159551334,0.5095061005390603,0.3333333333333333
0.08196721311475413,0,0.45923871031303065,0.6937216417029193,0.5746429882427615,0.6666666666666667
0.39344262295081966,1,0.9214818795370241,0.7708982596356808,0.3986074625489755,0.3333333333333333
0.1639344262295082,1,0.4457231009829692,0.3401909265171528,0.2988446934060732,0.3333333333333333
0.5901639344262296,0,0.4071688408035423,0.23293172360429365,0.22552528048538026,0.3333333333333333
0.9016393442622951,1,0.2474303529125823,0.15240293719896775,0.20965725916872233,0.3333333333333333
0.0655737704918033,0,0.6963504176717321,0.5013234296566795,0.3201453193971685,1.0
0.4426229508196722,1,0.6328049551937629,0.7249312443633962,0.5005652915227431,1.0
0.278688524590164,0,0.5425147065525868,0.5467250540185722,0.4167150659588734,0.6666666666666667
0.032786885245901676,1,0.5561777732164961,0.4536740714674015,0.3416967810995367,0.6666666666666667
0.9672131147540984,0,0.3110336868114332,0.6339719721304562,0.6199172753904253,0.6666666666666667
0.5573770491803279,1,0.7976865735617946,0.49279047239893387,0.27891546248416776,1.0
0.9344262295081968,1,0.31552326466839364,0.42242017374178703,0.4279014225362896,1.0
0.8852459016393442,1,0.3361624245404262,0.249262099810675,0.26520426575695366,0.0
1.0,0,0.6403111029165758,0.515367976603085,0.3514994649500375,0.3333333333333333
0.6229508196721312,1,0.44888398326380097,0.42458028776670137,0.3652466110755288,0.6666666666666667
0.7540983606557378,1,0.6416587934164535,0.4190289617860445,0.2842650130579635,0.3333333333333333
0.8196721311475411,1,0.6157436641321707,0.4896744897171011,0.3434548182008623,0.6666666666666667
0.2295081967213115,1,0.4952826493650604,0.6335646919400244,0.506639962735405,0.6666666666666667
0.8524590163934428,0,0.4772917378740713,0.3111490842110877,0.2638552109732367,1.0
0.7868852459016394,0,0.6495994636464575,0.5266649328628059,0.3555322384089399,0.0
0.9836065573770493,0,0.3677183830879738,0.41388580586569174,0.394146805866031,0.0
0.9836065573770493,1,0.39544280847962865,0.5461855564821081,0.491603950754516,0.6666666666666667
0.34426229508196726,1,0.4995852593544994,0.4334221754224847,0.35008837276393867,0.3333333333333333
0.7213114754098361,1,0.46097394629886024,0.3868908037439646,0.3299627191062784,0.3333333333333333
0.24590163934426235,0,0.3540011173767823,0.6443927591318765,0.6002862433313547,0.6666666666666667
0.8032786885245903,1,0.4551384797770037,0.3280840942919557,0.28549433786043543,0.3333333333333333
0.5737704918032788,1,0.7400166631338014,0.6054797438613764,0.37134776251940405,0.3333333333333333
0.459016393442623,1,0.48522145293926444,0.5149855269748091,0.41980217538199205,0.3333333333333333
0.4098360655737705,1,0.5564995734896327,0.737246799132145,0.5507276130908796,0.3333333333333333
0.5409836065573771,1,0.33270187921949557,0.703599392772774,0.6665876522308939,1.0
0.7049180327868853,0,0.5561568309613616,0.6538500123367068,0.4893932243172777,0.3333333333333333
0.6229508196721312,1,0.38504220863882255,0.34264116652855975,0.32573682890295574,1.0
0.8688524590163934,1,0.7905556309235804,0.07979518014517256,0.02425233963501411,0.6666666666666667
0.0,1,0.17097620526498414,0.5782286469953624,0.6685593476431464,0.0
0.836065573770492,0,0.6596432394705629,0.5010261852172173,0.3339556479561976,0.6666666666666667
0.9672131147540984,1,0.7000866395110017,0.2159080227577333,0.1293804538028889,0.3333333333333333
0.8688524590163934,1,0.30486820958570515,0.6931418327051173,0.6774759865749955,0.0
0.29508196721311475,0,0.7609619834549584,0.684930202400843,0.4134475902950344,0.6666666666666667
0.3114754098360656,1,0.33246430068381416,0.5596776819106088,0.5400082052398493,0.6666666666666667
0.7049180327868853,1,0.5944221363999822,0.6271930866303008,0.45072478117065384,0.0
0.1311475409836066,0,0.5448492686072886,0.5437285383757615,0.41339021930629594,0.0
0.7704918032786886,0,0.3074675756945924,0.53071674407453,0.5295183727948014,0.0
0.6229508196721312,0,0.42646819347564424,0.36563842000854924,0.32729193983499527,0.3333333333333333
0.0,0,0.5006481349006533,0.6504147711233359,0.5166804054053814,0.0
0.5901639344262296,0,0.5365035115824859,0.3199814053395503,0.24974039839502996,1.0
0.3606557377049181,0,0.21078511588001625,0.2849220604343529,0.3522587393749971,0.0
0.1639344262295082,0,0.5620847884167204,0.568477846338546,0.4236026692361553,0.6666666666666667
0.6229508196721312,1,0.42953231788280766,0.43009492923251674,0.3784737355857035,0.6666666666666667
0.3606557377049181,0,0.7448678553890202,0.5827496065237308,0.35478205057477696,0.0
0.6229508196721312,0,0.47875536129732366,0.44875417440199944,0.37107341651242143,0.3333333333333333
0.278688524590164,0,0.77609696216199,0.43689199560564945,0.2510313353383834,1.0
0.016393442622950838,0,0.525496504560631,0.33393985024212075,0.2640850196258495,0.3333333333333333
0.9672131147540984,1,0.27519216988931205,0.44314638049356364,0.4687053792098681,0.6666666666666667
0.29508196721311475,1,0.3824110258463058,0.4078472724901256,0.3819834435282664,0.6666666666666667
0.5573770491803279,0,0.6872988528832793,0.3908418000942248,0.24956806536834683,0.3333333333333333
0.5245901639344263,1,0.16759349665319645,0.12692323218039359,0.21338405623893344,0.3333333333333333
0.7540983606557378,1,0.6790038235810236,0.32275666226962446,0.20640648818219495,0.6666666666666667
0.5081967213114754,1,0.4424128734271533,0.4961621024915395,0.42582048474503187,0.0
0.4426229508196722,1,0.49383853753891405,0.5796940104426413,0.4657420874968078,0.6666666666666667
0.39344262295081966,1,0.429865710084246,0.6177501572522295,0.5310287929169637,0.6666666666666667
0.0,1,0.3697599322144156,0.7752825456479866,0.7018351711077547,0.6666666666666667
0.47540983606557385,0,0.31447167063962667,0.3853464217438933,0.3953102195555437,0.3333333333333333
0.5081967213114754,0,0.8428561754761721,0.3492987896146868,0.17810019284636877,0.3333333333333333
1.0,0,0.522439401020161,0.7520643702759673,0.5816945916069363,1.0
0.9180327868852459,1,0.4606232855478285,0.3095467599859785,0.26868058323776667,1.0
0.9016393442622951,1,0.4233370050769789,0.5747960752344927,0.4997039118946759,0.0
0.9836065573770493,0,0.5834932203008134,0.572584944401832,0.4166004573084462,0.0
0.4426229508196722,1,0.4976062651084838,0.411324278981494,0.33388075445385756,0.3333333333333333
0.6721311475409837,1,0.5884776540592465,0.07699311294567074,0.05744903953887784,0.6666666666666667
0.4426229508196722,1,0.2663461755002974,0.24609593634431864,0.290309611129862,0.3333333333333333
0.7704918032786886,0,0.26903843414447914,0.4834248995214397,0.5096184104521255,0.0
0.7377049180327869,1,0.39254282201815416,0.5687200437351196,0.512119475830921,1.0
0.3606557377049181,0,0.5263818590417908,0.3661342008109822,0.2880677674162708,0.6666666666666667
0.18032786885245905,1,0.596762722082059,0.3286917510767305,0.2359778847941615,1.0
0.032786885245901676,0,0.43863066214335866,0.690694578574506,0.5849056851888986,1.0
0.3606557377049181,1,0.32878701281006295,0.5372990214613023,0.5224970380457256,0.6666666666666667
0.032786885245901676,0,0.5109644331981102,0.6104001852322536,0.48043348603115055,1.0
0.18032786885245905,1,0.619263986908603,0.7358309353454286,0.5152725550009611,0.6666666666666667
0.459016393442623,0,0.5997728285829229,0.5489278220415252,0.3922504062928782,0.0
0.39344262295081966,1,0.8274088465065668,0.4980080787325086,0.27235077152997844,0.3333333333333333
0.639344262295082,0,0.5651766689481352,0.5218557033969979,0.38798417363577464,0.3333333333333333
0.04918032786885246,1,0.4769077888581923,0.24979380632221432,0.21588239207870205,1.0
0.9180327868852459,0,0.46309994593103543,0.5458586010906294,0.45508838321153,0.0
0.9836065573770493,1,0.8280347734157552,0.22582378200449998,0.107075939180826,0.3333333333333333
0.9180327868852459,0,0.4723774517517474,0.6413922982614388,0.5255205035998068,1.0
0.42622950819672134,0,0.49940265651129945,0.5807526870729844,0.4636929414439921,0.0
0.5573770491803279,0,0.5898803831448056,0.8141776544465322,0.5874353956391767,1.0
0.8688524590163934,1,0.6644262790775044,0.46880820860066647,0.3101640550487006,0.3333333333333333
0.8524590163934428,1,0.5771146429037812,0.25562705686279213,0.1893802495188505,0.3333333333333333
0.34426229508196726,1,0.2291199567711164,0.3501616628128474,0.40624091106859006,0.6666666666666667
0.5737704918032788,0,0.6644658314178047,0.5669338787957183,0.37695279167867357,0.0
0.8688524590163934,1,0.8338362768873506,0.5760391089468646,0.31740719918138194,0.3333333333333333
0.7377049180327869,1,0.41512839587416916,0.6539899224707615,0.5695162041691585,1.0
0.09836065573770492,1,0.40557328949952387,0.46051542627743897,0.4149035608441969,1.0
0.24590163934426235,1,0.43005056422910437,0.4218444264248509,0.3715221999900159,1.0
0.34426229508196726,1,0.4345374257636423,0.42887729565497773,0.37518932577077446,0.0
0.18032786885245905,0,0.9115047370514833,0.6476342612244013,0.33195388419434624,0.6666666666666667
0.4098360655737705,0,0.38688435867188753,0.19025645985444833,0.19659560679202379,0.6666666666666667
0.2295081967213115,1,0.5261598422347373,0.6728656322024855,0.5196849981399458,0.0
0.7213114754098361,0,0.4350935524096107,0.5801729256627204,0.4975450320368503,1.0
0.3606557377049181,0,0.5067609699983944,0.6362473995828042,0.5024472847384661,0.6666666666666667
0.37704918032786894,0,0.6585823150270511,0.09631135105240396,0.05765796947209925,0.6666666666666667
0.7049180327868853,1,0.4092205658910375,0.23879018430169424,0.22967179039578053,0.3333333333333333
0.9508196721311476,1,0.43667948358996433,0.27506019967274137,0.24971575709628288,0.3333333333333333
0.4918032786885246,1,0.6725361170181321,0.29929808710755584,0.1924391999492656,1.0
0.5081967213114754,0,0.5541883698766128,0.33892899035809604,0.25773001194911693,0.6666666666666667
0.34426229508196726,0,0.503431272119589,0.3608535264823584,0.29270960982094174,0.6666666666666667
0.6721311475409837,0,0.4855291401306192,0.7164404555551755,0.576567139550886,0.3333333333333333
0.7377049180327869,0,0.4022675340655262,0.6183486242089811,0.5478470225056601,0.0
0.8852459016393442,1,0.5417138336239589,0.6742134364089138,0.5121885351107969,0.3333333333333333
0.6229508196721312,0,0.5125896107243371,0.6530979011936964,0.5121497292610554,1.0
0.6885245901639345,1,0.6847997620892641,0.15572497827571002,0.09265601609648313,0.0
0.9508196721311476,1,0.22506346279717038,0.2983441630196197,0.3583948030387588,0.3333333333333333
0.5245901639344263,1,0.7814159945927885,0.25708970635437994,0.13673662482718188,1.0
1.0,0,0.3836323552500862,0.23328905942005712,0.23398489388757174,0.3333333333333333
0.8196721311475411,0,0.384045083767937,0.29041998036117006,0.2820733129932026,0.3333333333333333
0.7377049180327869,0,0.5540832518223682,0.5697773332846132,0.4283519594061388,0.6666666666666667
0.6885245901639345,0,0.5840009843394647,0.4300379676782456,0.3133794329596453,0.0
0.5573770491803279,0,0.49412054057591703,0.37404895647452746,0.306484978568623,0.6666666666666667
0.8524590163934428,1,0.3511399383575844,0.34314786688722493,0.340918978902092,0.0
0.9836065573770493,1,0.7266117013264424,0.7124259509877939,0.44643612212584605,0.6666666666666667
0.8196721311475411,1,0.746536032461385,0.17655498211831228,0.09339481592744672,0.6666666666666667
0.3606557377049181,0,0.6690120646719806,0.34148333926295,0.22206952776304886,0.3333333333333333
0.9180327868852459,1,0.86282024240055,0.5041830962914748,0.26472149986050886,0.6666666666666667
0.18032786885245905,1,0.5239277400855182,0.5698737439519659,0.4430417021241283,0.0
0.5081967213114754,0,0.31323123112926465,0.5680485256796828,0.5594215954466457,0.0
0.42622950819672134,0,0.7308700546491638,0.48587575701626456,0.29743761326138307,0.3333333333333333
0.0,0,0.4726427037160321,0.0,0.020740807070702028,0.3333333333333333
0.5245901639344263,1,0.585194093505002,0.4388348590657652,0.3192703432574041,0.6666666666666667
0.8032786885245903,1,0.4082826154092132,0.5227225631760648,0.4650700962542733,0.3333333333333333
0.1639344262295082,0,0.5385401324072729,0.17945250165962412,0.14396372764933876,0.0
0.836065573770492,1,0.5514479427446624,0.2419811835958094,0.18689967987710962,0.0
0.7213114754098361,0,0.6493626851029233,0.3332015402408635,0.22246032999275836,1.0
0.6229508196721312,0,0.6032939464233738,0.35225647260343645,0.25064212153382637,0.6666666666666667
0.5573770491803279,0,0.3664514469286684,0.33224899774939437,0.3248452642875932,0.0
0.21311475409836067,0,0.704947104925608,0.3967228539133811,0.24778362992565758,1.0
0.2295081967213115,0,0.48134277260201763,0.44500187814841113,0.3669896658437617,0.3333333333333333
0.21311475409836067,1,0.5642670899433218,0.5492051513880443,0.408442963324946,1.0
0.3114754098360656,1,0.670523215441015,0.7071416915809567,0.46945113927727145,0.6666666666666667
0.29508196721311475,1,0.4774333194812366,0.6062226567501372,0.49509191915448536,1.0
0.8032786885245903,1,0.2968408320394489,0.39170812263296045,0.40993225995238114,0.3333333333333333
0.3278688524590164,1,0.7421271258072251,0.500533597571859,0.3029201341173664,0.6666666666666667
0.459016393442623,1,0.6165632118497859,0.3639174712624888,0.2544464624489342,0.3333333333333333
0.39344262295081966,0,0.42845034464667275,0.21312742183851968,0.20221117534571922,0.0
0.6557377049180328,1,0.42320890759676466,0.7911617808603248,0.6767837716157435,0.3333333333333333
0.0655737704918033,0,0.26916514224732824,0.35015482857924135,0.38577453258885563,1.0
0.459016393442623,1,0.40900173298216025,0.5859539526717918,0.5170071005017156,0.0
0.04918032786885246,0,0.8277164822689151,0.18149387472381462,0.0802524430702983,0.0
0.08196721311475413,0,0.7590868619990787,0.5349765076676509,0.3188507936084025,0.0
0.3606557377049181,0,0.3940747955473527,0.7331880984776791,0.648972116113945,1.0
0.6721311475409837,1,0.7776127553389571,0.5769125291084822,0.33849041392021495,1.0
0.18032786885245905,1,0.7375448994554921,0.6695712862576515,0.41375185775982515,0.3333333333333333
0.278688524590164,1,0.591913929642796,0.33674033183659785,0.2433401965770168,0.0
0.0655737704918033,1,0.641902037555719,0.6117554038362507,0.4175665508991674,0.0
0.8196721311475411,0,0.6135262325111634,0.7149203852298935,0.5035404228775019,0.3333333333333333
0.7377049180327869,1,0.6407938344766353,0.48389607800399054,0.32950429593241004,0.0
0.1311475409836066,0,0.6245091292359803,0.6007141067472972,0.41778419331096894,0.6666666666666667
0.5081967213114754,1,0.16289195376474108,0.702162629993258,0.8010613183624681,0.3333333333333333
0.3278688524590164,1,0.1035063858470755,0.3586108274449376,0.4869505871193558,0.0
0.4918032786885246,1,0.3274199439557868,0.3794420156909833,0.38371187183048305,0.0
0.7213114754098361,1,0.44326080026170356,0.7852711385088122,0.6581822865635456,0.6666666666666667
0.459016393442623,0,0.5988226445744145,0.6054080854401367,0.4330259392359552,0.3333333333333333
0.3278688524590164,0,0.3180596791622725,0.40455437035179526,0.4106525389856399,0.6666666666666667
0.7540983606557378,1,0.6683479943674957,0.4710012720943802,0.31019983743092994,0.0
0.6065573770491803,0,0.5439036274559172,0.3520737088615809,0.27110921326333814,0.3333333333333333
0.18032786885245905,1,0.5542331651092054,0.43731672532040805,0.33040985431224046,0.0
0.8196721311475411,0,0.698375410300792,0.19238742469460635,0.11416104762713045,1.0
1.0,1,0.25227359297036145,0.4355132307505631,0.4746988381000907,1.0
0.21311475409836067,0,0.768878534034116,0.6402638917398218,0.3818236226856738,0.3333333333333333
0.9344262295081968,1,0.4766481662467248,0.2926404847721685,0.24957192466389774,0.3333333333333333
1.0,1,0.5086827878882949,0.6002950062894377,0.4739007275836683,1.0
0.7377049180327869,1,0.3390205615190105,0.3020690086511962,0.3103622431780483,0.0
0.5573770491803279,0,0.5158405787888451,0.5320787638603197,0.4182926792611861,0.3333333333333333
0.8196721311475411,0,0.6755440133175217,0.3973989550185289,0.25783538230967673,0.6666666666666667
0.7868852459016394,1,0.4225623666160381,0.7661905917675755,0.6567967402604759,0.0
0.7540983606557378,0,0.3332035869246597,0.46241141290109405,0.45394691800219655,1.0
0.0655737704918033,1,0.6462176256694838,0.20228686214925146,0.13311318282566645,0.3333333333333333
0.5901639344262296,0,0.310147916858583,0.4683426211079547,0.47192501800583797,1.0
0.18032786885245905,1,0.7583252855683305,0.7272373191823569,0.4415182440579378,0.3333333333333333
0.1967213114754099,0,0.5929504705403428,0.3376734061363827,0.24366648185514947,0.6666666666666667
0.39344262295081966,1,0.6304209710651887,0.2570170593091427,0.17520324692807657,0.6666666666666667
0.7868852459016394,1,0.4181455022300047,0.6006195252345774,0.5238223569142515,1.0
0.8852459016393442,0,0.43503305689470206,0.44384871707841594,0.3870963701842244,1.0
0.8524590163934428,1,0.7391544497477822,0.5588277282814915,0.34159447870525617,1.0
0.5737704918032788,0,0.5982019450037481,0.0655089530390659,0.04737544456205797,0.3333333333333333
0.7868852459016394,1,0.5277205493094721,0.5390804822508439,0.41795886470610855,1.0
0.4918032786885246,0,0.5357897323574421,0.3352501739244805,0.2614265142244896,0.3333333333333333
0.032786885245901676,0,0.5404672620999316,0.574955054322021,0.4387553481855515,1.0
0.37704918032786894,0,0.2835933086997633,0.5884233641010506,0.5972468631242477,0.6666666666666667
0.016393442622950838,0,0.7769937863635037,0.5630828583425946,0.33003429357098446,1.0
0.9836065573770493,0,0.4233775479658064,0.7175068520126102,0.6164169837360499,0.6666666666666667
0.0,0,0.5125046730545688,0.41721337648637097,0.332262969353163,0.6666666666666667
0.47540983606557385,1,0.6785250934467584,0.48811034289308913,0.31797651335309973,1.0
0.7704918032786886,1,0.5000331724689544,0.017613934317917856,0.029649368401690024,0.3333333333333333
0.7540983606557378,0,0.46109765935025004,0.4246860112800723,0.35991773524449333,0.3333333333333333
0.5901639344262296,1,0.6623874458566386,0.41562382234408596,0.27465946699807353,0.3333333333333333
0.8032786885245903,1,0.6035930040105457,0.4663990328463233,0.3318089478136719,0.6666666666666667
0.278688524590164,0,0.6820856993383946,0.13817160189463956,0.08143232185127533,0.6666666666666667
0.5245901639344263,1,0.5424902113687344,0.6845811201751832,0.5194965003351013,1.0
0.08196721311475413,1,0.42809050901444134,0.5496979572465011,0.4766051743870088,0.6666666666666667
0.0655737704918033,1,0.23607387210631758,0.4995623530568954,0.5453453193032722,0.6666666666666667
0.7540983606557378,0,0.5146330940491142,0.48816868512024797,0.38542758029921087,1.0
0.09836065573770492,0,0.7175956469555631,0.7370301270626143,0.4667251479721728,0.6666666666666667
0.7868852459016394,0,0.4342463299263901,0.5684960298906749,0.48854520248597755,1.0
0.14754098360655743,1,0.44774031744090115,0.4781443394239387,0.4087331388802399,0.0
0.6557377049180328,0,0.5289146976001007,0.38956627207201006,0.30477211131081683,1.0
0.34426229508196726,0,0.5107758562456093,0.6174289389604453,0.48590109847731344,0.3333333333333333
0.1967213114754099,0,0.44776888860747066,0.7571821174977511,0.6325927582665798,0.6666666666666667
0.278688524590164,1,0.7017355004011998,0.9719949038992919,0.6300510009816968,0.6666666666666667
0.7540983606557378,1,0.49849510911720296,0.47773330894234306,0.3847212772646518,0.6666666666666667
0.639344262295082,0,0.40909651526069135,0.7132822833670929,0.6223021030861525,0.3333333333333333
0.6557377049180328,1,0.546676716467394,0.5271283243089573,0.40020231847943477,0.3333333333333333
0.3606557377049181,0,0.5422560119826021,0.4840392650795275,0.37009679641237325,1.0
0.7868852459016394,0,0.5653882128500896,0.5758729893637977,0.4274664867200453,0.3333333333333333
0.8524590163934428,1,0.3936979130719238,0.6969002201631966,0.6188320815586745,0.6666666666666667
0.7213114754098361,1,0.4123803273839659,0.5083116455328662,0.450996293451972,0.3333333333333333
